,1
Re,36141
 ,42262
部委,2938
直属,163
事业,2013
单位,2765
事业单位,1447
办法,71
调到,51
工作,1258
●,4223
想,376
喀什,2
公务,7236
公务员,7189
年龄,66
转载,680
城,140
同酬,107
同房,13
注册,65
会计,34
会计师,28
鸡肋,18
食,18
无味,18
可惜,18
弃之可惜,18
主题,1741
凌驾,8
凌驾于,8
法律,8
之上,9
职位,190
排序,10
武汉,4
工资,1127
敌情,4
羡慕,13
财政,261
政局,42
财政局,42
填,12
资产,53
负债,2
负债表,2
公告,45
版面,13
违规,50
违规行为,1
细则,11
冷暖,4
自知,13
冷暖自知,4
之路,4
考公之路,4
818,10
北京,2258
京市,766
北京市,761
一段,29
真实,14
经历,62
IT,2
男,73
10,65
年,763
收入,596
生活,146
正,151
gwy,61
岗位,360
话,135
说,884
希望,79
辞掉,16
老家,186
回老家,166
谈谈,38
中央,827
请,230
尊重,17
隐私,20
个人隐私,17
供,17
学弟,17
学妹,17
职业,273
选,417
一点,230
体会,38
二站,2
群体,2
招新,2
后悔,356
做,366
处长,981
退休,459
太,337
折腾,26
内向,3
说话,56
书记,713
一块,13
举报,168
有用,14
有用吗,1
黄,75
生作,1
正处,349
处级,398
正处级,113
调研,257
调研员,249
满,8
三年,66
提拔,429
副厅,207
厅级,202
副厅级,68
活着,4
宇宙,9
全宇宙,3
抗衡,3
三,146
定,188
方案,476
没,818
国企,375
级别,619
解释,11
如火如荼,3
教育,153
活动,25
行政,239
参公,205
改为,27
公益,62
一类,83
人员,399
身份,151
请问,557
两眼,1
摸黑,1
两眼一摸黑,1
摸索,1
半天,7
中国,247
国音,1
音乐,11
学院,99
音乐学,1
中国音乐学院,1
|,2
教学,1
服务,315
中心,400
服务中心,43
国有,27
国有资产,1
管理,461
待遇,811
文件,92
备注,8
发至,8
地厅级,8
理解,100
山东,182
山东人,92
当官,143
一年,211
开房,14
200,24
次,29
名,49
情人,14
轮流,14
伺候,36
走,273
想留,2
留,3
央企,849
三级,31
公司,336
职员,18
考,889
住,86
建委,46
下属,335
编,285
合适,201
能力,87
关系,213
更,51
选择,561
同志,111
快,108
醒醒,1
当年,100
穷困,34
潦倒,20
穷困潦倒,20
要饭,3
国家,733
fgw,40
省,236
驻京,2
办事,51
办事处,18
主任,620
正厅,108
正厅级,63
简历,69
晋升,156
前景,113
调档,11
辞职,305
乡,32
党委,223
党委书记,105
签字,7
洗,2
脚盆,1
下台,1
貌似,84
职级,327
并行,142
分管,119
同级,27
套改,35
会涨,8
人民,175
日报,51
人民日报,34
副总,179
编辑,7
副,1125
部,115
谱,29
面试,702
培训,60
培训班,15
推荐,129
实体,1
实体店,1
交,103
话费,1
优惠,5
算命,1
命运,23
善恶,5
终有,2
报,125
混编,3
何用,4
事实,6
真有,9
牛,185
逼,106
福利,96
免费,27
求职,17
系列,7
分享,29
涉及,8
群面,2
压力,15
面等,2
基层,355
体制,939
摆正,8
心态,19
隔壁,31
部门,957
领导,1853
追尾,16
连队,10
混,81
机关,946
招,86
发现,228
bug,10
证监,87
证监会,70
银,37
保监会,22
更高,27
年收入,170
20W,59
听说,409
机位,18
牺牲,18
100,37
多人,56
积分,18
变更,6
记录,52
四大,71
正职,148
一把,276
把手,247
一把手,232
乡镇,178
长期,32
抽调,21
县里,16
基层工作,55
建设,102
建设部,6
冯忠华,6
来头,6
过分,8
冰箱,2
一个月,57
电费,2
盗墓,1
笔记,6
吹灯,1
鬼吹灯,1
看多,1
下基层,1
乡下,28
倒,3
斗,41
清水,17
实权,85
副处,631
副处级,85
办公,586
公室,135
办公室,135
发改委,503
昨天,144
疯狂,3
加班,153
园,32
博园,35
项目,69
进展,37
电动,15
动车,17
电动车,15
眼目,41
目睹,41
亲眼目睹,41
好人,50
老好人,41
大哥,46
黑,61
…,633
酒桌,17
桌上,17
酒桌上,17
听,73
内幕,17
真想,17
告诉,17
明白,55
举个,6
例子,38
大神,121
咨询,476
老人,44
符合,10
离休,6
条件,123
组织,330
组织部,225
办,546
问,358
西城,46
城区,107
西城区,40
街道,53
街道办,31
咋样,179
求助,1338
部位,43
委,117
两地,168
分居,175
两地分居,168
材料,124
能源,31
局,208
疑问,17
自然,98
大自然,2
财富,2
离家,8
离家近,5
点,119
地方,346
副职,134
远点,2
世界,59
书,24
涨工资,281
大郊,34
亭,34
配售,64
房,124
烦透了,8
动作,17
规定动作,8
考上,255
买,177
东西,50
不看,22
价格,22
随便,36
买买,22
mmp,6
汉字,1
山水,1
为符,1
词热,1
风水,15
一种,34
超能,2
超能力,2
点书成,2
砖,2
市委,377
北京市委,140
办公厅,317
值得,219
有人,302
参加,164
补录,62
选调,114
选调生,26
大学,105
教职,24
职工,27
教职工,24
分房,654
板上,69
牛人,22
某前,22
jw,22
自杀,48
错话,4
公务员法,154
影响,280
人间,2
地狱,2
奈何,11
惧怕,2
死亡,2
抓,78
tiger,1
已有,50
两套,67
商品,131
商品房,129
受,43
省办,11
平台,10
61,38
改革,1310
能到,25
30,222
税后,75
午休,25
新晃,2
事,280
身在,5
新疆,115
那种,52
孤独,5
孤独感,5
感到,14
绝望,5
女,249
高中,41
毕业,253
高中毕业,12
整天,12
乐趣,15
怼,44
计算,123
算机,109
专业,241
计算机,109
计算机专业,79
前途,298
南京,75
发了,27
一项,7
专项,15
绩效,81
平均,37
万,534
缩小,6
人事,243
人事部,7
人事部门,7
能定,4
司长,73
县长,265
当上,61
后天,57
紧张,17
一写,14
混改,4
持股,15
人本,2
学,38
二,2
再学,2
不三不四,2
急问,15
大专,5
应届,207
业生,38
毕业生,23
报考,186
国联,42
联通,29
中国联通,19
集团,104
集团公司,12
纪检,170
监察,214
纪检监察,25
组,36
icu,13
进口,13
进口药,13
全报,13
局参公,11
VS,188
能住,5
高干,5
病房,5
市委书记,104
拍,11
肩膀,7
小伙,18
身体,7
壮,7
好几,4
几个,278
好几个,4
官员,90
双规,5
王子,5
小王子,5
宝地,11
借宝地,11
问问,29
科技,233
协作,6
字,20
反,2
作用,14
用力,1
作用力,1
地铁,78
安检,9
房子,244
堂堂,14
买不起,59
世道,9
什么世道,9
老办法,1
新,391
公法,8
解答,88
银保监,56
总会,56
科员,510
主任科员,412
良心,3
良心发现,3
英语,10
不知,54
从何,11
学起,3
两办,108
新闻,118
新闻处,6
有意,34
有意思,34
加薪,36
不提,22
深,16
沪,13
子公司,13
全国,231
部级,337
副部级,200
归云,1
搜索,2
招聘,137
索引,1
引擎,1
搜索引擎,1
遴选,164
中石,71
石化,71
中石化,71
资本,15
内设,47
资水,34
水平,209
工资水平,34
团团,37
秘书,413
吃香,46
实施,18
办事员,33
起步,20
退役,111
军人,140
退役军人,108
移民,5
发达,11
发达国家,1
刚,86
离京,51
升,181
降,131
一半,67
火箭,27
军,10
采购,7
服务站,7
官场,87
行业,64
尽头,1
总体,6
排行,6
排行榜,6
哪些地方,6
居前,6
有没有,416
35,450
岁,848
感觉,344
国土,56
背锅,2
省委,465
网信,176
屌丝,11
社,11
招进,45
开行,41
国开行,41
企业,232
就业,39
首选,1
北上,46
广深,1
红黑,1
榜,1
军队,246
文职,220
不值,6
值不值,6
值不值得,6
联招,1
录取,96
最低,103
分数,47
数线,13
分数线,13
公布,114
电子,63
电子科,53
电子科技,53
包,37
分配,124
中,365
外面,5
500,30
讨论,383
西三旗,311
小区,57
时,112
分,365
浙江,184
银监,74
银监局,34
正大,6
大光,6
光明,6
正大光明,6
迟到,6
上班,69
炅,8
马云,10
名人,8
首富,8
身上,8
编制,141
价值,29
djt,34
大面,3
面积,49
大面积,3
有过,24
妄心,1
妄语,1
妄行,1
人生,159
生在,12
在世,44
人生在世,12
对得起,3
两个,75
东城,63
干部,833
北戴河,16
权钱色,11
交易,11
真的,295
制住,11
限制住,11
涨价,4
库存,4
暴政,3
负责,112
想到,9
词,8
诸是,2
不举,2
差距,32
赶不上,11
千万,82
千万别,7
进,259
毁灭,7
梦想,7
玩笑,7
开玩笑,7
禁酒,4
酒令,4
禁酒令,4
饭局,68
挤,56
周六,4
周日,20
微信,32
头像,4
本青,32
郁闷,72
未,22
正式,100
发布,28
泄露,8
算,216
性质,8
房住,1
炒,2
脱贫,22
攻坚,1
千年,6
大鸡,1
消息,126
出,107
转,94
倍,16
薪水,57
跳出,16
跳出去,16
原理,16
还好,1
看待,36
国有企业,15
党建,55
辛江要,1
改省,1
跟着,30
焦虑,26
为啥,342
老同志,3
很久,3
离职,24
休养,3
副部,61
年入,56
职,171
户口,241
办理,43
破格,68
破格提拔,68
目的,3
江苏,4
趟,3
三里,3
河北,89
北区,3
河北区,3
50,23
看着,11
孩子,175
天日,1
暗无天日,1
市,239
地震,60
地震局,40
五年,206
务期,114
服务期,114
上学,125
保障,88
天地,4
之间,23
可怜,8
天有,4
归宿,8
地有,4
求证,3
说法,12
有大,1
外企,4
试题,8
贼,25
讨厌,25
越级,44
汇报,206
年薪,95
100w,23
外要,23
不算,58
算不算,15
弱势,6
大佬,222
资源,158
自然资源,75
算是,29
一流,25
智中,1
互联,99
联网,99
互联网,99
研究,312
研究院,42
软件,4
研发,1
工程,132
工程师,21
区级,31
纪委,581
监委,12
请教,684
讲个,8
真事,8
无望,48
读,88
在职,108
博士,285
地税,271
国地税,124
合并,349
3.4,6
机构,1134
撤销,62
2.2,6
求教,291
国家机关,55
配租,92
住房,98
离婚,113
补偿,23
提,74
公积,82
积金,82
公积金,82
非国管,4
职务,204
弊端,56
强制,14
迁,12
撤,18
undefined,3
爽,60
性价比,71
极高,9
对公,6
解决,354
配偶,121
京,31
出差,18
会议,51
周末,41
自费,14
自行,14
安排,41
自行安排,14
行程,14
一份,27
事情,430
做法,9
原则,18
政府,509
党员,181
学习,106
学费,5
路费,5
费用,17
报销,49
专业性,9
很强,9
处室,101
无论是,1
高尚,1
地为,2
自私,1
援藏,7
政策,123
广华,84
新城,91
二区,38
三区,38
中直,85
中直机关,67
国务,271
国务院,248
各部,74
各部委,65
要爽,61
彭宇行,5
程序,41
面前,30
空洞,4
洞洞,4
空洞洞,4
公开,68
社招,11
笔试,111
资格,106
理由,12
好考,34
情况,381
84,13
非,68
985,33
211,54
本科,62
33,54
混到,21
地级,173
地级市,173
常委,128
市委常委,19
交通,68
通信,30
补贴,183
半年,77
不发,56
整人,1
整钱,1
编差,21
一句,75
年金,19
社保,72
并轨,46
优势,85
信息,188
时代,75
信息时代,2
网络,79
中层,102
风中,7
朵,7
雨,7
云,7
写实,7
太普,7
太普通,7
经费,4
自理,4
深圳,278
坑,38
平级,6
爱,86
抢,23
功劳,1
图,22
省直,119
佛教,13
协会,21
佛教协会,13
伊斯,8
伊斯兰,8
计量,3
检测,11
科学,17
岗,200
内容,23
套级,116
难以,21
捉摸,21
难以捉摸,21
省级,229
政研室,5
20,88
厅,84
不含,18
驻厅,22
纪检组,85
这是,35
嫌弃,12
家乡,112
东兴,1
证券,18
金融,291
诚聘,1
量化,1
实习,4
实习生,1
占,35
厅里,4
系统,119
调动,295
省纪委,103
NB,34
提职,27
人去,10
热衷,10
马超,7
超群,49
马超群,7
案,4
终于,71
眉目,2
有眉目,2
留在,11
级,337
科级,99
副科级,8
县委,77
副县长,85
任命,127
建议,505
建议权,31
不当,11
部长,360
大使,29
科长,160
副科长,3
打卡,1
空降,36
一堆,66
凌晨,10
三四,284
四点,10
三四点,10
同事,189
电话,87
打电话,23
发微信,10
表态,1
解聘,37
市属,19
医保,52
档案,114
丢失,11
农村,61
尘埃,6
落定,6
尘埃落定,6
要说,19
靴子,3
落地,3
街乡,1
完,15
陈章良,10
科协,16
协调,14
小组,23
乡长,34
干,101
十年,95
二主,3
属,111
行政级别,17
穷,80
二代,117
很惨,27
省里,11
巡视,173
巡视员,22
发,173
朋友,263
朋友圈,28
太坑,1
党校,140
报告,173
克服,9
年轻,158
心理,14
障碍,9
心理障碍,9
强抱,7
女生,62
处罚,41
配,52
专车,36
每月,66
3000,36
车补,36
求问,256
三甲,1
医院,22
提供,19
体检,47
套餐,1
一二,268
二三,268
一二三,268
一二三四,268
局长,228
周祖翼,9
山东省,23
考试,309
成绩,142
已出,2
速查,2
为家,8
套房,21
子女,82
医疗,79
医疗费,9
失业,14
全省,39
核心,204
依然,39
潦,14
打牌,9
输,9
县级,38
试用,57
试用期,57
有偿,6
行测,125
辅导,5
带,82
面具,12
尘土,1
大院,23
找,177
辛苦,13
专用,11
语,10
皆,3
成,100
空,20
刷分,8
通州,401
人才,77
公寓,6
诺,6
得主,6
奖得主,6
可获,6
平米,40
租金,6
减免,6
政审,91
原,97
坏话,4
说坏话,4
咋办,133
坐,75
29,49
老婆,126
化妆,24
嘟囔,24
不想,238
应酬,25
事项,148
持有,5
基金,53
份额,4
录用,69
转正,105
麻烦,26
省厅,287
通人,68
普通人,68
家里,33
哥哥,23
谢谢,45
银监会,36
监管,117
监管局,80
政治,117
科研,21
省考,51
猜猜,5
跳,72
中纪委,264
管用,30
证监局,13
副局长,59
重考,10
路,11
知识,163
产权,132
产权局,123
知识产权局,68
处,20
圈里,4
有病,4
事权,18
人事权,8
组织部门,15
卫生,15
卫生部,8
卫生部门,8
技术,79
技术人员,7
定级,61
垂管,13
回事,23
怎么回事,16
作风,84
生活作风,60
区分,15
分度,3
区分度,3
结婚,51
省市,14
一级,200
对下,10
实物,7
固定,7
固定资产,7
区别,100
地市,37
实职,90
更爽,5
房屋,25
建筑,40
房屋建筑,25
成本,26
几百,54
百块,25
几百块,25
一平,25
脚踏,29
两只,29
脚踏两只船,29
开除,56
交通委,3
发展,386
委员,237
自然科,8
基金委,10
委员会,119
国家自然科学基金委员会,3
这活,8
保障局,22
清闲,3
党政,97
党政办,3
最忙,3
版,319
踏实,11
常用,5
比喻,5
比喻句,5
俗语,5
大全,5
二线,9
城市,187
全额,66
拨款,52
包括,33
提前,88
提前退休,42
秘书长,213
市长,342
两人,66
对调,66
强国,55
贸易,2
贸易战,2
搞,54
投资,76
哪家,9
骑,6
年终,121
考核,120
合格,3
恶意,4
考勤,3
显摆,13
难受,13
团场,5
正科,51
正科级,20
原以,4
原以为,4
考察,62
放弃,69
计入,22
诚信,8
同利,6
物业,9
物业管理,6
医疗保障,2
买车,17
萨特,17
帕萨特,17
样子,25
标准,30
班,7
追求,30
求进,30
追求进步,30
买卖,2
股票,12
不去,15
省属,68
委办,40
付,5
稳定,29
定性,29
稳定性,29
jijjin,5
取消,386
Career,299
Servant,299
发文,315
权限,306
qaaa,1
qazwsxedc888,3
wangjh1982,1
萝卜,83
坑多,2
补齐,4
人选,65
选人,33
臭鱼,2
配烂,2
虾,2
怕苦,2
不怕苦,2
怕累,2
不怕累,2
越来,119
越来越,119
脱节,44
听闻,3
一次性,3
两级,3
三本,7
官宣,4
机会,158
逆袭,8
调任,29
补缴,3
sos,2
政府部门,16
这段,8
这段话,7
整理,6
命比纸薄,6
空话,6
董事,60
董事长,60
国资,212
国资委,212
排名,118
Suxiangmao,9
副处长,216
几级,24
申论,90
阅卷,3
座谈,47
座谈会,47
发言,69
妥否,39
纪检员,10
虚职,34
局级,173
口音,5
比例,91
超级,11
请假,40
领导人,52
私事,22
同意,59
国考,456
冲冲,9
兴冲冲,9
45,43
44.2,9
Alicevand,1
备考,10
求,872
指点,181
郭明义,3
中管,21
中央直属机关,40
叫法,2
兵团,61
实在,37
无奈,1
举,1
内地,6
招来,1
环保,67
仕途,18
之变,2
报告会,6
查,44
历史,58
工商,45
登记,10
工商登记,6
财政部,146
薪资,9
好难,5
北部,6
北部湾,6
家人,51
难,60
全靠,11
运气,18
利国,1
生死,1
苟利国家生死以,1
祸福,1
岂因祸福避趋之,1
撕破,18
破脸,18
撕破脸,18
贡献,24
案例,34
父母,27
投靠,24
进京,33
落户,34
zhaixinxin,11
yourpapa,8
一共,5
270,5
多个,29
字头,5
问要,13
egmont,11
shuanggui,10
省直机关,94
lucky00,1
困惑,53
代人,1
现代人,1
不吊,1
五四,1
喊出,1
口号,1
记得,38
硕士,184
非党员,35
外交,166
外交部,147
地区,63
司有,4
四个,12
车号,6
军事,2
准军事,2
军事化,2
准军事化,2
yg0011,2
Pluto1949,2
放,2
robotong,1
t,9
从政,32
厅局,55
厅局级,41
版上,228
rovskin,2
monu,3
正科到,9
时限,1
变长,1
zuzhiweiyuan,10
中有,15
海外,25
存款,5
大郊亭,15
质量,17
负,22
能量,86
阴谋,22
阴谋论,22
人和事,22
几点,38
调,118
局委,31
里,290
设科,7
搬,402
没影,9
影儿,9
没影儿,9
准点,3
下班,20
晚上,86
人太过,5
聪明,24
看透,5
没什么,41
人防,2
防办,2
人防办,2
差额,41
不靠,8
称呼,44
好像,45
去年,43
夏天,1
猝死,1
前,154
沙雕,15
wl,5
员工,225
上级,213
规则,8
潜规则,8
厅长,93
副厅长,58
上海,162
海市,27
上海市,27
上海市委,2
位置,64
法院,120
信息化,48
福利待遇,21
shangni,6
gt72823,2
czcdd,1
代管,1
托管,1
90,94
两男两女,7
码农,10
打算,25
享受,96
一位,68
外,20
白事,4
礼,4
紧急,39
60,68
多岁,19
程雪涛,7
上爬,15
特别,137
独到,3
之处,3
独到之处,3
年轻干部,30
聊点,8
十字,19
路口,19
十字路,19
十字路口,19
选任,4
查档,4
查档案,4
民主,87
周年,17
献礼,2
表述,2
出脱,2
密期,2
一步,68
清华,28
拟任,36
31,27
岁任,4
挂靠,1
证书,10
中央党,61
中央党校,61
调研室,4
学会,17
996,67
原因,28
归咎,21
体质,21
党派,57
民主党,57
民主党派,57
想考,109
公示,128
不解,28
军校,10
警卫,24
警卫团,10
中央警卫团,10
信息中心,47
幕,1
辛江,2
猖狂,2
外国,1
指教,45
国家自然科学基金,5
铁建,25
外部,9
海外部,9
区域,9
总部,362
高管,32
职称,70
省政府,83
司局,135
满编,27
对口,27
近期,57
司,88
特征,23
分析,128
特征分析,23
前辈,134
省局,68
去央企,68
二级,178
二级企业,68
资历,23
指,19
qiaozezheng,3
内部,17
验收,9
专家,47
评审,28
费,9
华融,30
工信,2
京考,103
小兵,209
打入,21
领导核心,16
圈,21
财经,17
经委,15
财经委,15
财经委员会,8
渣,6
故事,61
十大,23
相互,6
参照,59
几天,27
上网,2
落马,30
市里,38
就纪,13
组宣,13
流行,20
63,5
党内,13
警告,13
处分,21
组纪,14
找个,14
巴黎,1
圣母,1
圣母院,1
巴黎圣母院,1
小说,2
名字,25
苦难,2
同学,86
病假,27
哪些方面,10
高层,12
层次,20
高层次,7
典型,13
劫,7
贫济富,7
一条,13
好汉,8
老,142
贷款,35
省真,6
值,2
zhetian,20
路径,5
两种,1
状态,2
广州,49
金控,11
东莞,11
金控算,11
干过,2
骂娘,2
脸上,2
陪笑,2
中专,3
专文,3
文化,30
中专文化,3
本书,4
围炉,2
烤火,2
惹火,2
火烧,2
惹火烧身,2
大部,121
制,76
带来,12
身边,93
姜保红,7
女人,47
冷门,8
热门,23
纪监委,5
每次,11
学历,84
造假,9
一问,5
调离,5
清明,29
清明节,25
去园,3
踏青,3
国管,18
宽松,2
~,41
青椒,18
火线,22
87,49
女同事,72
提成,22
风险,21
高风险,1
群团,2
能当,9
司局长,9
中航,2
工业,2
长城,13
测量,1
龙潭,1
黑龙潭,1
权力,63
慢,12
四川,2
四川省,2
出路,19
不错,35
调入,69
工资待遇,16
本版,178
有群,2
雄安,64
38,111
拟入,26
群众,12
待业,19
多事,16
luoluo888,1
实行,11
向上,2
调整,115
预期,1
亲们,2
感受,23
五大,11
行,30
高级,48
经理,84
副经理,10
中投,4
交流,32
只能,8
跨省,27
安,22
并入,83
从业,2
反感,10
告状,6
zu,2
对外,2
招考,87
哪几,27
哪几个,27
调查,84
南京市,5
纪委书记,25
刘月科,1
熟悉,1
语言,22
不行,44
统治,3
道理,3
没道理,3
国安,2
国安局,1
体,1
视力,4
眼镜,1
戴眼镜,1
lowsir,11
govman,2
本青入,7
北大,69
附中,39
北大附中,39
分校,39
筒子,40
福,39
kunyushi,4
所调,3
航天,51
九院,4
研究所,29
所长,4
听听,88
耍,26
后续,109
国电,14
电厂,14
总经理,31
在线,55
发展前途,65
统战,78
统战部,71
中央统战部,56
政治局,54
区,53
质监,20
质监局,16
某厂,1
户籍,9
外地,24
外地人,3
社科,16
社科院,16
院长,12
补充,9
人数,32
多一些,8
提正科,3
大局,73
网,58
力斗,3
斗争,69
权力斗争,3
衍生,3
衍生品,3
电力,3
电力公司,3
老总,3
主科,44
没干,5
动力,5
i3721pp,2
往年,3
援疆,2
不好,89
二本,26
top2,28
起跑,20
起跑线,20
引进,46
采用,3
批示,5
领导批示,3
概率,123
前不久,3
责人,92
负责人,92
外调,60
查出,27
有个,87
800,16
块钱,16
申报,57
问下,4
行政编制,4
最牛,32
官,84
兄弟,52
姐妹,3
兄弟姐妹,3
放宽,2
40,134
几月,5
月份,26
几月份,5
下岗,31
财政厅,19
还分,3
工人,29
多快好省,2
期限,13
新版,13
党政领导,13
选拔,57
任用,13
条例,22
月,313
日起施,14
善,1
为官,1
怎样才能,16
勿忘,1
心安,10
人行,49
分支,25
分支机构,25
真,94
四年,17
十一,26
十一个,26
十一个月,26
加,75
优秀,194
能套,26
四调,26
朝阳,36
城管,20
监督,75
指挥,18
做官,10
留下,10
墨宝,2
不易,2
有能,2
小学,3
课本,2
作品,2
最快,9
几年,177
银行,239
保险,67
管理局,62
作文,6
参考,14
参考书,11
国办,10
委办局,35
青们,19
支书,27
村支书,27
贪腐,10
殴打,10
亲属,10
敢管,10
宁波,15
情侣,5
开,180
万豪,5
车考,5
这词,27
误解,74
陆续,26
搬迁,29
科技部,135
基础,30
创新,11
国家局,25
司级,147
防沙,1
口罩,1
强,21
天天,26
沙尘,1
尘暴,1
沙尘暴,1
买个,1
头盔,1
未来,80
能分,8
房源,8
新馨园,52
没看,6
懂,130
原则上,13
提副部,6
清蒸,1
元素,1
柔道,5
冠军,5
贪,56
思想,78
境界,7
思想境界,7
含,12
领导职务,24
刚刚,20
高人,76
第十,2
十二,2
二条,2
第十二,2
十二条,2
第十二条,2
解读,33
新入,34
错,17
职数,6
少,17
科满,15
卡,26
羊毛,12
正司级,4
奇葩,47
理顺,5
县委书记,6
变,32
常务,31
校长,2
副校长,2
没退,2
喜欢,94
始终,2
赋值,1
法,10
规划,129
生态,27
环境,39
生态环境,18
家境,75
比得,21
加速,21
速度,21
加速度,21
起点,21
关系不大,21
时间,119
倒流,1
剩余,1
生,26
工委,35
北京市委教育工委,10
入职,20
手续,34
报名,134
报名费,2
怀孕,36
乱讲,8
真多,8
期间,43
区委,48
区委书记,13
走人,13
戏精,2
戏,2
精当,2
太累,2
指导,5
不花,28
一分,38
分钱,37
一分钱,28
科好,1
通信局,1
管委,9
委会,90
管委会,9
挂职,138
稽查,45
总队,25
modun,1
机要,74
机要局,57
这道,1
高考,10
考题,1
高考题,1
答,12
答案,63
略,1
扮演,7
角色,7
演员,7
一模一样,7
龙套,7
跑龙套,7
股份,33
股份制,19
商行,35
城商行,19
税务,123
税务局,52
主义,3
形式,27
形式主义,2
顽疾,1
空间,10
日子,26
混日子,14
算了,10
地产,93
应届生,175
开会,66
早,10
谈话,53
51,2
玩,12
四分,1
四分之一,1
财务,65
财务处,1
跨军,3
正局,3
融资,1
金融资本,1
运营,14
评价,24
中层干部,2
限薪,2
怀着,1
心情,1
恨,7
覆盖,14
共,8
产房,9
居委,4
居委会,4
人当,3
村委,15
村委会,11
市直,34
五矿,12
报社,28
日报社,17
新进,19
差,41
看重,5
感情,13
新兴,1
际华,1
遗忘,1
前段,4
段时间,19
前段时间,4
巡察,12
作人,33
工作人员,33
星期,13
假,107
出国,37
建行,9
行长,15
徐汇,6
审计,106
审计局,14
回应,12
网红,6
流浪,6
流浪汉,6
我局,6
休,9
镇长,71
老师,117
挺,116
学生,43
相残,6
残杀,6
互相残杀,6
海关,145
招录,23
钱,179
挂,9
调过,7
调过去,7
发展前景,93
一路,6
鸡汤,1
中央委员,10
修订,37
中华,16
华人,8
共和,8
共和国,8
中华人民共和国,8
日,18
七省,4
均,114
下降,33
合计,4
少招,4
14979,4
镇政府,3
乡镇政府,3
编会,11
纳入,18
规范,22
研究生,145
我要,47
私人,15
可靠,4
是我太,87
人情,74
太多,1
全日,1
全日制,1
情,5
何以堪,1
引进人才,1
落,1
出处,23
查询,14
农业,52
农业发展银行,13
省网,5
信办,5
老大,32
老大哥,5
技巧,41
辽宁,28
痛苦,18
认可,77
百克,5
力,5
查完,5
到达,1
彼岸,1
方见,1
想想,27
真是太,1
惨,9
不忍,2
回首,1
好久,26
不见,26
好久不见,26
多长,10
长时间,10
多长时间,10
同行,5
平时,6
提高,25
读些,6
装,40
经济,121
业务,195
体验,11
外越,9
想象,24
黑暗,9
政法,80
政法委,67
女婿,16
过来人,56
介绍,27
经验,51
不忘,11
初心,12
我觉,8
1921,8
纲领,8
党的纲领,8
非领导职务,35
差别,54
更大,19
部队,164
不多,33
多不多,3
初,6
县级市,10
冯巩,27
民革,25
主席,75
干警,3
人均,26
增加,17
300,41
模拟,13
文科,5
精神,18
专科,11
院校,11
处处长,17
下定,8
感谢,31
党,66
诚通,1
生存,27
边疆,3
民族,18
少数民族,6
聚居,3
聚居地,3
国管局,108
审核,35
时能,9
家庭,207
名下,9
养老,49
养老保险,33
转移,5
83,46
刘凯,23
分析师,23
许,32
营长,18
提副科,32
转成,20
卖力,5
省会,102
旁边,2
县,169
有无,2
有无必要,2
考去,2
外派,1
型,1
慎重,15
更名,6
涨,72
开车,59
教育厅,19
考博,18
没读,4
一年制,4
亏了,4
结束,28
改个,10
国政,22
政协,96
全国政协,22
几号,1
粉饰,12
公共,13
信用,4
应急,109
地方税,16
地方税务局,16
上课,1
老师上课,1
某团,1
司令,1
连长,1
腐败,1
合集,24
央企算,1
高校,123
卖房,6
文职人员,47
不爽,22
被迫,22
小鸡,31
肚肠,31
小鸡肚肠,31
GO2SIBS,4
书同文,1
车同轨,1
始皇,1
时期,1
治理,2
夫妻,167
照顾,13
禁止,7
公安,295
公安系统,27
人民银行,84
营业,13
管理部,69
锻炼,2
写作,11
写作能力,2
手,64
不到,46
看不到,3
规划局,29
qbzjhappy,3
龙江,18
黑龙江,18
鹤岗,7
鹤岗市,7
招警,7
获,7
一车,7
一房,7
途径,32
36,24
如何是好,31
诚,6
旸,6
有限,24
有限公司,9
悲剧,20
好好,10
一本,2
工学,2
艺术,35
十几,36
十几年,36
前得,5
结核,5
早已,5
治愈,5
体检中心,5
43,51
吉林,56
法官,32
程龙,32
南下,32
区属,64
典礼,4
毕业典礼,4
晚会,4
版友,26
我该,6
表演,4
开发,16
开发区,13
和央企,8
住房补贴,49
能进,43
将来,51
80%,43
副局级,52
借调,170
中组部,53
直,66
youanthe,1
跨,12
交办,13
多久,151
中青,18
中青班,18
人大,110
代表,60
人大代表,27
回原,2
qiaoshuji,14
trumanshow,1
两会,109
初任,4
总支,1
党总支,1
选举,27
热火,1
热火朝天,1
资金,42
资金不足,18
要发,18
咖,10
发表,113
到市,4
稿子,6
删除,4
李达康,17
把握,11
有把握,4
省长,99
大幅,136
调薪,110
论文,7
有加,3
我会,10
哭,26
考市,1
相关,22
适合,131
总行,126
派驻,16
农家,1
家子,1
子弟,1
农家子弟,1
比不上,20
想当年,11
意气,11
风发,11
意气风发,11
搞懂,10
事务,169
参和到,10
这事,10
这事里,10
扯淡,2
whiho,4
光环,19
婚姻,70
不建个,18
群,22
官大,33
群主,18
岂,46
不美哉,18
本硕码,6
农,40
通信工程,21
得罪,44
干部人事,41
活真,10
没劲,10
年终奖,79
完美,12
处有,8
但空,8
cclhyw,1
打工,1
一辈,37
辈子,64
一辈子,26
挣,30
18,61
太原,1
国土局,1
停职,1
bat,63
司法,72
法部,27
司法部,27
恶心,11
坏,5
17,26
迁入,20
一道,106
题,122
闲,21
出版,71
出版社,12
参与,17
排队,23
成立,36
科室,4
知不知道,8
出境,8
保利,17
中信,60
中信集团,39
辞,1
要学,14
维语,8
方法,43
厉害,60
主子,7
公仆,12
哥们,31
二十,99
十多,30
多年,40
二十多,15
十多年,15
二十多年,15
通知,11
标准化,1
抓捕,3
住宿,6
skz,1
线下,3
月经,4
贴,21
党组,133
中国农业银行,2
农银,2
国际,52
一套,6
局分,1
近几年,17
审计署,72
如图,2
投票,86
气氛,12
场面,12
实锤,13
吞并,14
副司长,33
巡回,14
锅,14
能查,6
商务,87
商务部,72
要排,19
口语,4
英语口语,4
一轮,4
粮票,5
赶超,6
达,28
1072,6
分成,6
村里,14
红,7
组建,93
有何,24
缺点,6
优缺点,6
公考,34
转行,22
测,5
网上,32
课程,7
回答,17
考官,4
笑,8
一声,4
青岛,16
GDP,1
增速,1
7.5,1
成功,72
举办,1
上合,1
峰会,6
充军,3
边境,1
chujn,3
忘,29
宿舍,18
上限,8
当选,37
这位,30
70,45
醉卧,3
沙场,3
君莫笑,3
古来,3
征战,3
几人,5
回,46
阶层,26
方位,28
全方位,28
下滑,26
崩溃,26
悲,27
催,29
支援,5
买房,12
乌鲁木齐,8
派出,5
派出机构,5
140,18
我想考,13
题目,14
编做,18
活,135
offer,172
总社,53
收,26
快递,8
收发,6
护照,9
美国,26
联邦,18
美国联邦,16
转业,177
lgfjack,1
过年,84
送礼,19
2022,2
综合,37
所得,4
缴个,2
税,36
党和国家,107
应聘,12
新区,4
党工,4
党工委,4
高手,42
赴,2
背景,46
背景图,2
换成,2
毛泽东,3
渡,2
黄河,2
那张,2
市场,214
监督管理,41
接受,6
纪律,9
审查,30
网站,18
篇,3
新闻稿,8
被市,3
社会,90
社会保障,6
理事,17
理事会,17
法定,5
暴涨,26
空调,8
太过分,4
转任,42
统战部长,15
文物,10
文物局,10
安部,75
公安部,75
裸眼,3
四十,26
四十多,14
博,55
大叔,15
1000,43
皇权,3
就够,3
职责,23
弱,25
查看,3
沙龙,18
多去,6
设置,12
大条,13
休过,15
探亲,15
探亲假,15
表弟,91
苦于,66
牵绊,66
良策,63
国家文物局,8
同城,2
同城同,2
Nxxdxx,1
证明,66
真高,20
最多,7
二十年,53
精明,15
亲缘,15
本事,15
各大,2
第一,224
第一天,2
高育良,13
进面,87
dyx,1
国级,3
wjx1840,5
年度,87
偏心,17
新招,42
好多,80
私企,31
赚,66
数倍,31
各个单位,24
吸烟,24
复审,7
合作,56
发改局,5
方向,18
努力,43
致敬,1
份量,13
半路,39
出家,11
半路出家,11
28,11
正月,2
生地,1
不熟,1
人生地不熟,1
按规定,11
放假,18
wodive,1
lkbj,1
zzkm12,1
qiaozheng,10
赚钱,2
实施细则,3
粗大,30
查京考,19
泼妇,6
app,14
垂直,22
师和市,2
师市,2
合一,24
确认,21
三天,22
错过,21
自动,15
工龄,77
评优,73
文章,23
写文章,10
公众,4
号,6
打赏,2
挣钱,10
火,12
房票,19
真中,1
真中假,1
假中,1
三四个,6
写,131
xiti,1
AB,4
用法,4
两段,12
农民,36
写入,17
履历,23
履历表,12
邦政府,1
美国联邦政府,1
雇员,2
悬,3
体育,45
广电,50
统计,39
制度,67
回避,6
市级,34
午餐,22
元,31
tp2,63
南方,112
某大省,28
老生,17
常谈,17
老生常谈,17
真心,176
求救,17
铁路,31
总公司,27
横店,2
可否,1
步入,1
热热,1
热身,1
热热身,1
包含,12
任职,33
蹭,4
场,4
免职,34
文下,2
没免,2
调要,8
越强,4
越升,4
白热,11
热化,11
白热化,11
管理机构,19
公文,25
^,2
用过,1
步知,1
过硬,3
后台,3
二把,15
二把手,15
强势,52
可能性,59
得查,13
公检法,3
隶属,7
纠结,30
恳请,7
重庆,35
税局,64
地税局,10
成都,33
股东,20
渠道,59
大行,14
四大行,14
工信部,92
头部,52
券商,73
行研,52
中信银行,4
多大,55
本地人,10
分子,1
知识分子,1
不识,1
抬举,1
不识抬举,1
换届,6
选上,11
选上来,4
美政府,2
持续,2
业务经理,20
工作调动,49
实习期,2
公烤,1
数段,1
分数段,1
国外,24
廉租,15
租房,61
廉租房,15
租赁,2
限价,3
房产,12
停摆,1
食品,1
xyz,4
真逗,4
房产证,1
练下,7
直播,4
zzy,3
当过,3
没进,3
半没进,3
班子,41
班上,3
总局,255
国家体育总局,10
任命权,40
困难,6
送,13
外卖,7
宝应,5
应县,5
宝应县,5
违纪,24
巡视组,65
县待,7
多月,7
一个多,7
一个多月,7
年底,112
风,6
平浪,6
哪点,16
复习,24
函询,7
公职,24
累,27
大小,3
办公区,3
天津,100
津市,12
市政,163
天津市,12
市政府,162
天津市政府,12
变革,1
融入,5
碰到,60
多分,4
知行,22
知行合一,22
唯心,22
词汇,22
大堂,22
要孕,6
加国,6
参加国,6
风平浪静,1
提案,2
核心区,1
查到,4
网瘫,4
日常,31
钢笔,25
管领,11
分管领导,11
啥时候,179
到位,72
出分,42
本青夜,1
王者,1
荣耀,1
不禁,1
感慨,2
颜色,1
物理,1
碰撞,1
停薪,11
留职,11
停薪留职,11
周全,6
liangpan001,1
zhidaobu110,2
收到,7
短信,16
实惠,16
B,13
进坑,5
太忙,5
rosescar,1
听到,87
考霸,33
干活,27
忙,35
教师,66
资格证,38
正永,1
查处,3
直指,1
威特,1
科威特,1
对付,49
处内,30
低,48
明天,76
搞好,5
搞好关系,5
Knasmullner,1
市局,63
成员,28
一到,37
哀嚎,37
回不起,37
学校,67
改,152
聘任,12
聘任制,12
教授,14
虚,4
衔,4
党办,7
累成,24
狗,57
工资卡,16
只存,16
万多,16
gwyxg,1
支持,41
破烂,12
收破烂,3
读研,18
答题,2
纸用,1
笔,8
讲话,21
八股,8
特赦,3
建立,27
TKS,1
ALL,1
OF,1
U,1
肯定,21
正义,17
正义路,17
干嘛,18
遇上,16
交接,6
做事,2
果断,13
acforward,1
团委,18
团委书记,16
做出,10
研成,1
成果,1
科研成果,1
会调,1
北,18
农商,4
白金,4
白金卡,4
撸,4
纳尼,21
石家,21
家庄,21
石家庄,21
清北,21
80,64
套路,31
扶贫,83
滞留,24
十个,24
二十个,24
亿,24
惊悉,12
排,36
第三,50
已到,48
人有,12
管兆津,12
混得,16
室,29
顺眼,16
社局,95
异地,40
沧浪,8
之水,8
真特,8
视频,38
xubin823,1
lixianghu,4
发不,64
不出,43
发不出,38
补发,67
到手,231
电视,37
电视台,2
北京电视台,2
liubodao,1
公正,3
不合,3
不合理,3
该往,3
投诉,3
消费,1
消费者,1
等级,23
消,2
合法,5
央产房,4
下载,5
填录,5
风控,21
首个,9
直属单位,15
接近,2
两万,42
关爱,3
通,4
抵,3
所属,25
某部,18
真牛,24
ntfl,1
日志,6
chenbenenyou,3
晒,1
资料,15
征婚,1
违反,7
组织纪律,1
相对值,19
六七,19
七十,19
年代,32
六七十,19
七十年,19
十年代,19
六七十年代,19
冻结,84
帮忙,121
个人信息,2
总署,8
海关总署,8
fabric,1
统一,6
DJT90,19
米,19
委屈,23
限购,3
金融类,39
王景,9
武到,9
建,15
总,78
问个,49
很大,48
改制,7
多交,5
养老险,5
金,17
大事,2
邻居,1
失火,1
引发,1
一家,39
另一家,1
木房,1
烧毁,1
队伍,73
膨胀,13
够,48
简单,24
粗暴,4
吉首,21
吉首市,21
减税,83
力度,92
楼台,12
近水楼台先得月,12
基层人员,1
现状,1
分类,1
升职,64
不用,15
竞选,5
起码,5
过程,8
机器,6
国家机器,4
养家,4
糊口,4
养家糊口,4
未休,21
梦,10
恐怖,2
幸福,18
用人,7
唯票,7
倾向,7
整改,16
妈妈,22
共同进步,23
成长,24
领导班子,2
征求,20
意见,55
征求意见,5
看不懂,19
送个,2
礼物,2
无知,19
少女,6
迷茫,80
好不好,46
福建,33
福清,30
一名,30
光华,37
在读,37
金融机构,16
控股,2
控股集团,2
opener21,1
广外,11
广源,11
房本,11
怂,9
贱,9
期,1
进站,1
博士后,3
发工资,2
女博士,7
系,7
实践,7
研究员,1
领域,7
教师工资,7
高得,7
吓人,7
经营,3
专制,3
兼职,40
bd95,1
文字,17
文字水平,9
几行,9
疑惑,12
爸妈,4
社部,90
年限,19
检察,20
察院,15
检察院,10
要证,1
逃离,4
森林,20
外快,13
过节,15
过节费,12
问个问题,47
赡养,7
申请,27
特产,5
土特产,5
鄙视,32
老干部,9
升格,2
副科,140
变动,3
看样,8
文史,8
接到,20
婚前,40
购买,89
自住,84
自住型,84
婚礼,2
宾客,2
红包,7
要交,2
所得税,2
个人所得税,2
奖励,4
华北,4
劳务,4
派遣,4
启事,3
招聘启事,3
避免出现,30
清高,30
得志,30
不得志,30
结局,30
冂,1
年前,10
失利,2
伤心,1
城中,1
中村,1
城中村,1
哥待,1
理论,24
成就,8
求大,6
擦,48
撞考,10
裸考,10
执法,56
类,26
改成,34
太深,3
人事网,3
网线,3
登录,3
手机,6
热点,20
登上,3
送出,18
送出去,18
错误,53
发现错误,18
全国性,37
参,68
公转,28
编转,20
档口,2
千,7
嫂,11
一万,29
xmbj,1
挺大,32
书面,5
检查,20
通报,30
报批,5
批评,31
通报批评,5
车改,21
重病,28
不准,28
下周,7
情商,22
大师,2
陕西,42
军转,230
担任,54
无房户,9
zhuxi911,1
领导人员,5
大不大,19
国博,2
改开,2
成就展,2
天,6
哪种,42
程度,48
.....,10
guniao,1
herodj888,3
一脸,12
gaodatou1107,1
xys,1
chinaboycj,1
moamishuchu,1
YTJH2013,1
教育部,80
一事,12
区县,28
群里,12
头,11
开怼,11
下级,3
下级单位,3
授课,3
邀请,3
邀请函,3
民政,80
要降,5
房补,23
远郊,12
郊区,13
远郊区,5
郊区县,5
远郊区县,5
市区,13
差旅,28
旅费,28
差旅费,28
补助,30
机场,29
车票,33
大学生,37
村官,32
不招,20
官方,24
给出,20
中公,27
编是,24
还会,11
二次,1
上次,104
换,113
表,48
核查,6
流程,19
临时,30
临时工,20
1800,3
概念,4
依旧,2
farmer,2
打印,6
名表,5
报名表,5
考点,9
国内,25
情妇,8
学者,8
只发,4
京内方,14
接收,18
函,21
事宜,17
清朝,4
京官,4
清苦,4
好点,6
来个,15
工资条,15
到央企,21
部里,36
考证,1
准考证,1
这句,6
解,3
匿名,16
问卷,20
两年,125
一调,87
基本工资,89
人走茶凉,11
后进,16
高峰,7
高峰会,5
畅通,5
71,28
自知之明,9
杜绝,10
寻租,10
印发,75
下属单位,35
能原,7
纯,20
规避,10
消极,3
对抗,3
一日,3
看尽,3
长安,3
花,7
却是,3
刑场,3
引荐,10
没动,44
动静,32
没动静,32
推动,10
排除,1
掉,36
卫生系,6
卫生系统,6
大楼,15
启用,5
执行,22
913,8
新政,8
部央企,34
某局,34
至少,24
拍板,12
lnory,1
imlaohe,1
淘宝,2
考卷,1
中宣部,22
国人,44
全国人大,18
旅游,24
旅游部,1
爹,1
见到,9
派,11
进村,11
后进村,11
支部,15
党支部,15
求解,19
往上,28
往上爬,12
企事业,55
工会,15
中铁,22
饽饽,2
香饽饽,2
onerat,1
京郊,7
北京郊区,7
基层单位,10
一枚,7
有信,1
特派,7
特派办,7
化学,2
学工,2
化学工程,2
班费,13
加班费,13
粉笔,14
成分,7
出身,9
政质,2
面貌,2
改掉,2
书籍,4
搞央区,7
拼命,29
数量,31
没蒙对,8
悲伤,8
没报,25
港澳,46
通行,25
通行证,25
估计,50
75,3
X,11
偏题,11
脑子,11
锈掉,11
sunlustre,1
体系,14
低级,9
大侠,41
江山,1
代有,1
人出,1
风骚,1
领风骚,1
各领风骚,1
数百,1
百年,1
数百年,1
一役,1
科,47
最少,4
下文,81
混吃,44
死,60
不迁,1
旗帜,3
鲜明,9
旗帜鲜明,3
涨薪,13
开放,5
爹妈,10
底层,15
赖,21
小民,21
信号,4
信息处理,4
填写,1
更要,12
慎行,12
谨言慎行,12
突破,5
几圈,10
ld,10
天堂,10
ds,23
坟墓,10
91,1
妇联,10
工商局,27
郭,14
宁宁,14
副省长,33
高分,36
几分,6
缺失,5
分才,11
有戏,100
高端,2
念,2
科技厅,8
经信委选,8
正局级,20
09,3
提出,3
现实,13
xyfh,1
个换,3
师职,12
海淀,53
三位,2
区长,24
副区长,24
大会,47
时会,14
台上,13
上台,12
台下,12
台上台下,12
演戏,12
河南,6
河南省,1
党政干部,11
任免,9
通县,51
有谱,21
老夫,1
一遇,1
风云,1
便化龙,1
念念,21
念念不忘,1
必有,1
回想,1
分局,30
资源管理,13
搜,4
旧,2
大革,2
革命,2
大革命,2
版本,34
12,84
搬家,17
jiuo,5
省经,1
信委,6
kerin29,1
一刻,19
那一刻,19
编办,4
自定,2
层级,6
杭州,48
区里,9
划算,4
操作,48
帮,56
亲人,12
云南,6
大关,6
大关县,6
两名,6
车祸,6
身亡,20
26,23
葛海蛟任,3
光大,3
光大银行,3
行行,3
银行行长,3
看法,109
见多识广,28
见过,28
混入,28
裁员,40
变化,62
某厅,10
存疑,17
司机,9
这辈子,38
唯一,12
国,13
考前,3
突击,3
michael53,1
雷区,17
小心,17
真水,12
维护,5
福彩,9
取暖,3
取暖费,3
暂停,6
冷,5
分析题,10
提速,1
降成,30
非领,28
pp0001,2
KBTD,2
数学,21
数学题,10
分钟,14
一分钟,10
预备,32
预备党员,22
本擦,6
刚满,6
预备期,6
JSJR,1
真大,10
开张,7
部属,3
辞职报告,34
十九,43
届,43
四中,21
出入,1
入境,1
出入境,1
名单,116
备案,1
口,36
村民,4
上访,10
寨,24
东营,16
身份证,24
身份证明,4
哪开,1
汇报工作,14
前比,31
老化,31
大巴,6
大巴车,5
货,5
网民,5
拍手,5
称快,5
拍手称快,5
外出,2
完会,2
毕业证,16
发不发,26
非京,1
生源,11
审批,20
审批表,2
国税,142
国税局,54
法令,2
纹,2
短浅,2
对手,3
盘,3
推翻,3
计划,21
单列,12
计划单列市,12
靖边,1
翻车,1
已致,1
伤亡,1
乘客,1
多为,1
公职人员,5
电视剧,26
父老,25
老乡,69
乡亲,25
父老乡亲,25
P,25
大事不好,1
一篇,2
代,39
驻,36
村,12
haohan,1
委婉,1
生前,1
王,13
泥牛,10
入海,10
泥牛入海,10
火车,5
火车票,5
硬座,5
240,5
一回,8
试,5
血本,5
废,9
六次,3
链接,2
没收,2
严,2
春风,2
身为,2
生活待遇,10
没人,31
吐,13
槽,13
越,18
越长,13
教训,12
打探,3
楼盘,8
价位,8
错觉,3
换防,5
flyscreen,1
nsisyy,1
生完,22
二胎,22
爱要,22
流产,11
两副,8
其他人,12
警察,26
月薪,101
央行,22
三定,130
新三定,9
真诚,10
员额,4
检察官,4
大型,49
中外,4
合资,4
中外合资,4
投行,4
教委,28
等待,3
超越,7
中年,19
人到中年,7
何去何从,14
生活区,11
落子,11
大厂,11
中共,91
共党,10
中共党员,7
作何,33
一正,3
几副,7
整,6
2050,6
战略,8
吃饱,27
撑,6
农业部,22
霸道,19
作风霸道,19
借号,2
发帖,6
公里,14
油费,5
客车,5
15,28
不通,19
公安局,50
吊,9
文思,5
豆腐,21
看过,6
草案,21
国家级,4
贫困,18
贫困县,15
驻扎,2
预测,27
战绩,2
见,34
村主任,2
寡人,58
顿悟,25
书里,5
书外,5
骗,4
疑虑,2
吉他,17
上会,2
会弹,2
上会弹,2
音符,2
乐谱,2
记,2
朝阳区,29
推公,2
雪崩,7
步步,3
死去,5
元知,3
万事,3
琢磨,8
摊上,45
一件,53
人事处,51
历年,1
惹下,16
老实,9
老实人,9
天道,1
意识,2
物质,1
nb,1
跳顺丰,16
西安,8
把持,4
堪比,5
黑社会,4
业委会,4
深深,1
一命,14
二运,14
高中政治,4
低价,1
转让,6
看淡,1
成熟,1
面试题,4
做好,4
工,5
着火,1
国会,1
纵火,1
纵火案,1
天黑,1
路滑,1
东端,3
北端,3
不及,1
越做越,10
信访,10
信访办,10
两面,9
坏人,9
今起,5
知乎,24
穷人,24
穷人家,24
不配,24
天塌后,1
招进来,37
报上,5
冲刺,5
立帖,120
答疑,120
喝酒,15
孕,27
离开,54
年轻人,27
常,3
路边,6
社是,3
英国,3
法国,3
国共,5
共产,12
共产党,12
中国共产党,5
纪律处分,5
配备,8
看不上,3
大部分,46
背锅侠,13
县局,9
名片,9
现场,3
考场,3
所在城市,3
预算,57
总预算,2
执行局,2
叫停,10
门,1
高高,9
寒门,1
出头,46
23456,1
卖,23
我点,3
民政部,75
志愿,15
服务处,15
总问,8
入党,30
各省,20
设在,7
提不,10
提不起,10
提不起来,10
兴趣,25
工商总局,12
食药监,4
三局,10
个局,4
业务局,5
做市,3
真题,8
民盟,19
透露,22
台办,29
书局,11
秘书局,11
中国银行,12
阶段,20
需,4
应,25
学位,29
两句,21
助学,7
逾期,7
门槛,15
填报,15
女士,51
中医,51
医药,51
中医药,51
体育总局,29
司局级,36
水利,56
水利部,56
农科,5
农科院,5
很苦,5
lewor,1
搞笑,30
外包,11
见识,13
档案局,15
名称,31
代码,13
法规,13
央京,31
佛脚,8
抱佛脚,8
不快,12
一局,33
maofendedie,1
类型,19
行上,2
订,2
机票,9
票,2
常委会,26
全国人大常委会,16
第六,1
第六次,1
闭幕,1
修正,1
修正案,1
表决,1
邓,2
观点,3
寄托,2
一两,2
一两个,2
威,1
逻辑,20
判断,2
定义,3
复习方法,10
混淆,5
批准,20
改革方案,139
预计,7
天下,4
下午,4
今天下午,4
审完,4
修订案,4
有考,3
上岸,5
年国考,8
xls,2
送给,2
公有,19
好处,27
内比,16
高,191
减半,1
图形,3
规律,3
我爸,23
老兵,23
心结,23
省大,8
数据,9
仅限,3
优先,3
省籍,3
人士,14
保证,23
每届,3
外省,3
低于,29
监,1
抑郁,36
修改,5
fcd,1
封禁,5
国知局,14
专利,28
专利局,14
六层,1
39,17
大龄,40
地青能,17
邮政,2
YOLO1,3
博后,2
出站,2
军民,15
融合,9
评职称,2
太难,14
奔头,10
找到,29
家,23
主管,33
三会,59
家外,2
外汇,2
国家外汇管理局,2
升迁,20
歧视,31
以乡,1
名义,1
家中,2
国家中医药管理局,2
防不胜防,4
赌场,3
跳楼,38
民法,45
最高人民法院,5
国家民族事务委员会,5
民用,5
航空,5
航空局,5
屠光绍,11
环保部,30
督查,9
局好,1
军民结合,6
教材,3
Joeybuaa,1
正调,9
软件工程,2
电子信息,7
边读,9
河北省,60
政务,25
能报,5
真少,4
要考,15
影响力,30
垃圾,21
尿壶,13
妻女,12
算裸官,12
综合处,20
房价,24
挂钩,24
不让,89
状况,10
会管,10
跳到,42
总监,42
推迟,13
升任,8
北方,148
抽烟,21
帝都,64
11,11
不太,33
重视,38
16,38
宁德,3
两车,3
猛烈,3
相撞,3
四人,3
遇难,3
运河,9
造,9
方圆,10
平方,32
方公里,9
平方公里,9
假山,9
高度,9
层楼,9
3.8,2
万辅警,2
混下,16
混下去,16
鼓励,2
这科待,91
贸促会,13
干什么,19
开选,10
公开选拔,10
ciliner,1
关键,12
关键点,12
着墨,12
发力,12
闲聊,8
回来,24
中国证监会,6
离任,4
平安,4
探索,1
学子,1
驻外,30
周边,33
上级部门,11
行省,6
南,3
礼士,3
礼士路,3
院里,3
大院里,3
停车,3
证,8
huanhuoying,1
油水,9
收藏,3
OverWall,1
中国人民银行,10
拒,4
表妹,15
眼光,58
局限,7
生涯,15
职业生涯,15
公会,21
整体,21
直辖,40
直辖市,40
中级,42
中级法院,14
区法院,14
地青,62
感想,10
工资制,1
工资制度,1
在编,1
娶,82
有市,1
shixiangyun,1
明年,19
施行,2
准则,2
会计准则,2
党委会,23
候选,24
候选人,24
参会,32
首例,7
两位,7
命令,7
认定,12
滥用,7
职权,14
滥用职权,7
罪,7
vancl,1
团派,7
进人,7
党务,2
党组织,25
有权,39
分行,32
更好,20
大连,21
大连市,21
停工,8
Helsinki,1
没考,1
出台,19
回乡,11
见闻,11
真不,4
真不知道,4
意义,19
前妻,12
人心,9
亮点,10
康泉,1
入住,72
这钱,10
专利审查,14
员,16
临聘,14
广,3
华能,3
味道,6
收受,5
礼金,5
受贿,22
江西,20
江西省,12
xxspt,1
37,1
隐性,12
台阶,12
奇怪,24
stealyours,2
折现,15
没意思,64
家信,16
国家信息中心,16
GTR2011,1
团干,8
团干部,8
存档,1
10k,17
10%,17
取名,42
录取名单,42
考研,6
管理权,7
管理权限,7
体现,11
擦擦,27
发挥,11
娃到,6
中秋,23
秋节,5
中秋节,5
发个,5
问候,5
祝福,5
A,7
接待,74
待客,48
客人,48
接待客人,48
最新,5
全称,3
简称,14
英文,3
人力,12
社保局,8
退伍,27
退伍军人,27
上传,24
传下,24
下达,24
上传下达,24
破,28
研究室,33
流失,34
egmont123,1
无房,92
标配,3
超,34
0.4,34
后退,3
法检,1
退,14
想换,8
调处,7
公安厅,37
中学,18
能考,4
较差,12
缪瑞林,4
长,4
省委常委,13
保全,3
张少春,5
一查,3
准,3
KengWang,1
妄想,8
升官,8
发财,8
升官发财,8
身,7
车位,10
马爷,3
这话,3
正点,3
入座,3
对号入座,3
缺,3
台湾,8
间谍,8
女间谍,8
策反,8
大陆,11
套取,8
涉密,11
kundera,1
点头,20
可行,22
人身,1
个人身份,1
急,33
中级职称,27
高级职称,27
解冻,39
遇见,9
主动,21
类比,7
类差,7
鸣放,3
防空,3
警报,3
防空警报,3
联播,20
新闻联播,20
焦点,9
访谈,9
焦点访谈,9
讲,9
家属,25
在国,8
werwolfzhf,1
补,8
太惨,13
涵盖,1
招人,13
稳拿,19
哪位,12
仁兄,8
几份,8
经典,11
纪要,8
会议纪要,8
翻过,2
翻过来,2
药监局,7
国家药监局,7
人员编制,7
大减,7
严肃,7
问责,17
法制,3
法制办,3
轮换,7
mymymymymymy,1
菜鸟,8
围城,8
飞飞,8
张家,8
家口,8
张家口,8
小硕,26
扒,73
央视,6
海霞,5
ssnut,1
5k,21
离退,6
离退休,6
干部局,13
很差,6
面对,1
内心,2
座们,24
廉政,2
账户,2
精准,22
成神,2
意念,2
肉体,2
分离,34
通讯,4
管理水平,3
政区,3
区划,3
行政区,3
行政区划,3
西藏,19
吃饭,120
税前,31
1w,18
零,18
大兴,9
大兴区,9
嫉妒,22
成风,32
压抑,65
参谋,31
当于,57
相当于,57
土地,4
农村土地,4
强占,4
助理,35
粮食,29
粮食局,28
扣留,7
下班时间,3
省级机构,2
赶上,28
教研,4
院,4
古代,18
官府,3
编外,3
外人,12
编外人员,3
武松,3
文联,1
作协,1
看不下去,4
退休年龄,4
人寿,1
新老,1
大王,1
滨,1
收留,2
新华,24
新华社,24
怒,32
开贴,9
回忆,9
公路,9
归卫,6
计委,15
医改,14
05,26
迪庆,32
文曲,1
文曲星,1
下凡,1
回到,3
原点,2
实话,12
实说,12
实话实说,12
页面,3
东城区,47
有钱,17
有钱人,8
yxxbtx,1
两,10
黄炜,7
张慎峰,7
调往,7
缴纳,11
路上,11
手头,1
头上,1
手头上,1
停滞,1
初中,3
军改,7
多出,7
吃,62
七块,62
饼,62
民营,9
民营企业,9
内有,20
过户,4
zdee307,1
单,24
网位,1
讲课,1
讲课费,1
院墙,8
向外,8
扩出,8
占用,8
道路,12
word,3
表格,3
窃以为,4
差异,41
四场,7
总工,11
总工会,11
中华全国总工会,8
正司,49
银行贷款,8
便利,8
Clement11,1
贴个,29
考工,23
信部,23
苏州,27
某区,39
眼红,27
民警,5
人民警察,1
落实,10
我党,16
注重,12
新闻学,3
事儿,6
奖金,78
绩效奖金,19
抵押,15
性格,5
机关党委,6
跳槽,38
滴滴,5
通讯员,1
局外人,9
笔杆,1
杆子,1
笔杆子,1
又会有,3
一批,6
人考,3
另一半,16
岗转,16
编么,3
贵版,18
关心,13
收税,12
桂园,3
碧桂园,3
称,3
济宁,3
梅永红,3
本周,3
将入,3
嘉奖,11
在乎,11
饭补,2
一万五,18
技术职称,8
定有,6
期待,7
建部,4
启动,7
近,14
万套,7
公,56
位于,7
双轨,1
ipfee,1
PKU2008,1
lanbao,1
婚外,30
婚外情,30
最难,13
面,13
下套,11
八年,12
设,1
哥,11
变纯,24
21,3
汇总,3
110,1
条,13
67,1
14,15
紫光,6
港府,1
万起,1
没出,6
两口,3
口子,3
两口子,3
经适,6
科要,16
升正,8
八项,5
老牌,37
调提,6
业务部,5
业务部门,5
职能,127
职能部门,6
主持,6
医师,1
节,1
吟诗,8
一首,9
下手,1
不惑,7
n,1
是从,1
变得,1
已批,1
标记,1
辅警,28
没关,16
没关系,16
往上走,16
championer,1
还敢,2
随礼,2
原文,8
直管,14
新出,2
提到,23
行规,2
另行规定,2
好略,21
ykun,1
职分,2
设后,2
党组书记,14
差错,12
复议,12
承担,41
责任,14
担责任,12
承担责任,12
案子,4
厅官,20
儿子,68
疫苗,11
引咎,9
引咎辞职,9
责令,16
市府,12
有图,11
真相,101
黄秋斌,11
中央政治局,28
听取,6
长生,6
查报,6
调查报告,6
李晋,2
修,2
让路,2
陈少勇,8
32,12
薅,6
三百,4
救,4
公费,32
公费医疗,28
sagacitys,2
伙伴,11
小伙伴,11
5000,6
弱弱,32
中办,4
三支,14
一扶,14
高看,1
招得,1
市场监管,20
直属机构,30
tuohuajiang,1
名校,18
法硕,9
检法,18
烂校,9
安置,46
283,18
制服,3
领口,3
会带,3
国旗,3
卡扣,3
数最多,3
尊敬,1
卖地,1
率,6
辱,5
警入,5
刑,5
wsdy,1
立秋,1
干久,1
河北省委,7
山东省委,20
22,9
加大,11
党政机关,11
人才交流,6
BU,18
招辅警,5
限,6
地勤,6
共商,5
很难,20
得闲,4
分裂,29
北疆,14
clarkchou,1
改进,19
方式,30
中断,5
G19880818,2
缺一不可,4
局能,12
拿到,12
居住,23
居住面积,12
沈,5
丹阳,5
为准,6
国是,1
共商国是,1
炒股,25
算副部,11
创造,19
广东,82
电话会,7
电视电话会议,7
湖南,22
北京市政府,103
通勤,85
XX,1
毛,1
反馈,21
四环,7
当初,11
随机,6
好奇,4
傅莹,4
正变,4
380,3
套,7
thetopedu,1
三扶,1
一支,1
环保部门,8
冲突,39
巡查,14
四线,2
技能,2
职业技能,2
管理中心,7
考了,7
贵宾,7
iambigcat,1
buptsyy,1
codex,1
主何,28
吉凶,28
支付,16
elena88,1
最难考,5
京沪,5
占据,25
三分,5
之二,5
三分之二,5
政,28
车,41
副总经理,17
疗伤,1
考完,1
凉凉,1
凉凉的,1
刺激,1
支招,88
万分,25
承租,10
承租权,10
用权,10
使用权,10
分割,10
长长,2
归口,2
最爽,6
常生,6
日常生活,6
韩峰,6
支行,18
划给,18
保监局,18
考公,35
京户,2
昆山,15
检查官,15
文明,13
精神文明,10
奖,51
新人,16
找活,12
ICESworder,1
jiaoyou2004,1
五口,16
之家,16
五口之家,16
平,25
卫健委,9
没戏,11
主管部门,4
公证,7
公证处,7
挂牌,62
辟谣,14
专员,24
专员办,24
随迁,69
署,19
新来,29
卫戍,3
戍区,3
卫戍区,3
老干部局,7
第五,3
地址,26
户口本,1
相处,16
考入,27
贵州,28
某县,21
谦虚,13
亲,14
白人,7
明白人,7
调出,7
国务委员,23
砍,6
汪,13
鸿雁,13
履新,13
团中央,13
24,15
提任,13
团,15
孝感,13
宣传,43
宣传部,14
宣传部长,10
一览,7
伪,5
约翰,6
霍普金,6
普金斯,6
约翰霍普金斯,6
三次,5
第三次,5
推进,5
部署,5
研究部,5
研究部署,5
有编,2
脱离,1
行列,1
无力,37
呐喊,11
自白,11
自白书,11
退休金,5
大锅,16
大锅饭,16
无论如何,13
丑,4
练练,5
龙游,2
浅水,2
干吗,7
要分,16
正规,4
交五险,4
一金,8
基数,12
考个,16
监事,12
监事会,12
有招,33
文科类,2
老金,5
养老金,5
高是,5
混不下去,57
原话,26
实述,26
拍到,18
中午,18
翻,18
公益事业,23
温故,3
故知,3
温故知新,3
2035,2
房版怒,4
评新馨苑,4
绝大,3
绝大部分,3
码字,3
培养,22
偏,7
心心,20
心念,20
心心念念,20
新馨苑,166
进度,89
忍耐,1
耐力,1
忍耐力,1
惊人,1
升得,17
发有,2
来到,5
世上,1
记住,10
干到,26
挂到,12
第一年,5
会交个,5
煲,1
粥,1
北清,6
骄子,6
天之骄子,6
随波逐流,6
排挤,6
心得,17
livermore,2
现行,14
兵役,14
兵役制,14
兵役制度,14
采纳,14
无穷,12
第一次,2
是因为,2
加考,1
参加考试,1
去处,6
好去处,1
回帖,14
哪句,1
抗体,3
抵触,3
吃香喝辣,11
好惨,11
监狱,5
mypeony,1
花钱,21
报班考,21
目标,21
填表,2
表里,2
能长,2
庄稼,2
年终奖金,7
上级领导,142
浙江人,142
Jiang891105,1
部副,15
汕头,15
汕头市,15
臭水,15
水沟,15
臭水沟,15
实地,46
探访,46
心中,21
苦闷,21
不休,6
肠胃,7
一票,7
否决,7
一票否决,7
税务总局,46
年拟,46
金台,17
饭店,17
抵扣,10
内大,10
利好,10
党和政府,13
重磅,7
深化,81
节点,4
惊闻,3
党史,12
博士生,17
事务部,83
曝光,9
想要,16
看书,1
疯,1
选定,5
是非,5
定向,22
从来不,14
谈,16
端午,7
端午节,7
后该,7
兼,14
安徽,18
安徽省,18
大老,17
jun,18
宰相,2
商务厅,15
能排,15
topx,1
7000,15
健康,5
一棵,3
一棵树,3
一行,52
一女,20
人前,20
耻,20
人后,20
检点,20
审计师,5
去职,5
专科学校,3
区直,3
海南,13
海南省,13
撵走,19
科工,4
无关,46
nina01,1
杯子,1
Htys2000,2
买菜,1
提了,1
yymtnt,1
战兢兢,1
战战兢兢,1
吐槽,11
半,11
吹捧,11
吹,1
事实上,1
两样,1
算委,1
认得,1
人民大学,1
经贸,1
读书,3
很烂,1
GWY,1
遗漏,7
纳税,11
wiyun,1
lemom,1
domesticcc,1
回复,163
孙,3
大姐,3
急急,5
没信,5
岱,6
政坛,3
xu2008,1
泄漏,1
出三定,7
截止,7
日期,7
苛刻,6
老子,1
几千,5
几千年,5
踩,1
一泡,1
狗屎,1
五险,8
一金中,4
剩男,23
杜祥琬,6
出牌,6
州市,25
杭州市,25
杭州市委,25
想不通,5
两大,5
生生,12
硬生生,12
全文,12
归纳,13
全是,5
十岁,6
四十岁,6
审,3
skyt,1
动,28
技术员,5
购房,2
女性,70
8.7,21
弯弯,3
一月,3
五千,3
xx,13
更难,16
太少,16
坑太少,16
演讲,33
讲者,2
演讲者,2
游戏,2
营商,11
运营商,11
开发商,2
产品,2
亏,6
权威,3
权威人士,3
自我,6
自我批评,6
军区,16
省军区,16
后勤,28
后勤部,16
后勤部长,16
转业干部,4
超过,8
50%,4
shangyu160,1
素质,46
9000,52
多元,52
两次,38
下半,55
下半年,55
艾滋,1
辞退,22
维权,1
挤掉,123
先例,123
复,8
木兰,8
当户织,8
讲稿,20
演讲稿,20
否定,8
强力,15
不买,15
ZJW,15
账,15
配置,15
女子,3
让座,2
莫,2
美德,2
义务,2
心理咨询,5
需求,5
款额,4
额度,4
贷款额,4
贷款额度,4
几种,15
脱稿,6
扫墓,12
念稿,1
支,1
阻遏,1
飞奔,1
转嫁,1
考不上,12
二年,11
兵,11
DJT,7
划归,15
120,22
├,10
六安,11
事件,11
地里,2
种地,2
田字,2
格里,2
种字,2
九月,16
九月份,3
zwxlrj396,1
dqpruh507,1
dzpyrf596,1
longde,1
妇女,2
东方,1
之星,1
娱乐,1
招商,6
99376996,1
参公岗,10
编该,10
大忌,25
gyq198700,1
泛,4
绿化,4
威胁,4
先,5
传给,4
平均工资,5
集体,5
煞笔,2
全世界,2
那该,2
星期二,1
行员,8
扎根,4
青春,4
献给,4
献给党,4
办张,6
农业银行,6
上档,6
档次,41
上档次,6
现金,47
衡量,34
纳规,8
发放,1
fdfd4,1
跑,6
听课,6
签约,12
农业局,1
开一,1
早上,1
顺德,2
机,5
上交,71
批下,71
卡里,5
扣,11
镜非镜,2
花非花,2
水非水,2
片长,3
一线,84
＂,4
看得,1
看得远,1
明月,28
基层干部,8
能出,15
诗人,15
文学,15
学家,15
文学家,15
失去机会,1
手里,35
赏识,9
要调,9
当面,2
夸奖,2
翻译,5
人际,1
降工,2
封闭,15
饭,21
保密,34
资质,3
概括,1
题问,1
陕西省,13
没缴,4
小组讨论,18
策划,1
对象,67
找对象,4
双,10
模式,16
领馆,6
使领馆,6
法海,5
寺,5
青年,5
青年宫,5
满分,28
150,28
我考,28
79,28
嘲讽,28
快讯,14
王晓明,14
坠楼,14
内带家,2
教会,2
天才,2
堕落,2
用房,11
适用房,1
公版,5
连个,5
微群,5
talk,5
华东,7
华东地区,7
挺爽,7
佛山,4
中山,4
嫖娼,4
抓获,4
开除公职,4
小时,4
降薪,9
小群,5
合俩,5
严厉,5
告诫,5
忙且,3
牛毛,3
多如牛毛,3
撤退,3
威武,7
共享,2
单车,2
遭,25
活埋,2
破坏,2
进一步,27
激励,27
大干,27
广大干部,27
担当,38
国家税务局,5
拟,5
http,5
都市,12
成都市,12
惨案,47
包子,1
误付,1
店家,1
重金,1
寻,1
买主,1
停留,4
去年底,4
意,1
ww,1
老公,52
闹,37
走入,35
绝境,37
如戏,37
我错,37
文明单位,3
牌子,12
匹配,24
犯罪,1
专职,31
镇党委,29
乡镇党委,29
难度,59
除以,2
0.34,2
话题,3
热点话题,3
退费,1
仅靠,1
约,2
为民,1
为国为民,1
谋私,1
私利,1
谋私利,1
不谋私利,1
祖国,1
骄傲,1
走出,3
伤痛,3
过真,3
心想,3
接,3
握手,7
开封,4
判刑,4
服刑,4
照发,4
renshi,4
史上,1
实诚,1
兼任,10
人大常委会,10
常见,10
公交,69
身心,17
身心俱疲,17
江西省委,8
赣州,8
深圳市,8
泡汤,12
核,3
奠基,1
道士,1
作法,1
背离,1
精,1
题型,2
新规,2
常听到,5
酒驾,12
国台办,6
安卓,1
苹果,1
微群里,1
添加,1
好友,1
自觉,9
热死,1
sigh,1
卫,9
许可,1
行政许可,1
服,5
上汽,7
吴磊,7
小孩,4
淀区,34
海淀区,34
招商局,5
省委书记,53
分工,50
心怀,1
美好,2
权贵,20
自留,20
自留地,20
空姐,2
报警,2
方小晓,1
平调,38
吵架,51
泡,11
闺女,11
不考,1
对考,7
噩耗,1
办会成,1
私活,1
知名,8
招高,7
管行,7
上涨,2
2K,2
多万,7
Offer,17
诚求,17
农行,17
建投,17
25,17
祭奠,2
爱情,5
各有何,5
nlp,1
深度,1
图像,1
算法,1
机器人,1
cto,1
150w,1
股权,14
港澳办,5
提交,10
保局,1
声明,12
分到,15
京海,2
北京海关,2
听人,13
网监,13
两岁,11
吃瓜,4
儿女,4
任正非,4
眼里,6
我心,4
敬畏,4
长文,4
慎入,4
随口,20
小姑,20
姑娘,20
小姑娘,20
推,1
快手,1
拒绝,24
龌龊,25
龌龊事,25
取舍,365
镇级,7
未婚,21
局面,11
老一辈,11
何想,11
改小,23
西南,2
辐射,2
监督站,2
涉嫌,5
违法,9
纪,1
就行,3
抖,2
音视,2
音视频,2
家长,5
强行,11
定位,12
涉,15
mi,11
宜居,2
之地,2
米国,2
使馆,2
大使馆,2
北苑,23
北苑路,23
特种,4
设备,4
特种设备,4
高效,43
竞争,51
激烈,24
五一,7
大学城,1
图书,1
书馆,1
图书馆,1
最壕,22
骗人,1
规矩,1
无以,1
志奋领,12
奖学,12
奖学金,12
弹奏,10
弦乐,10
乐器,10
弦乐器,10
表达,10
最优,10
地青们,18
值班,7
休假,10
如果说,1
受刑,3
比高,3
数都,3
考考,5
急求,37
有会,1
最差,25
上报,6
失败,10
东迁,14
确切,14
施工,51
施工单位,30
SCIQ1,1
现,50
作者,1
合作者,1
审稿,5
审稿人,1
要合,3
疾,3
住区,11
居住区,11
接听,11
接听电话,11
手表,31
一款,11
最老,7
多谢,21
通州区,11
住房问题,10
批,30
34,27
娃妈,27
同等,4
位,1
七位,1
四问,1
能用,4
内勤,17
年轻化,3
赶走,3
封装,9
之四,1
出击,1
省级机关,8
这批,7
新考,7
还入,7
考生,4
正确,1
听题,1
同僚,8
公休,32
3w,32
千字,1
四老户,3
空挂户,3
集体户,3
外区,3
趋势,7
计生,4
优惠政策,4
水,10
w,10
是司,10
f,10
津贴,11
长到,11
轮训,5
啥意思,11
没房,1
处女,8
老手,8
全国总工会,3
劳动,5
分公司,14
先动,11
先出,11
信托,78
沿海,78
某省,62
省委党校,13
事务局,45
中部,45
招高管,1
助,1
想法,58
想当,16
哲学,41
院士,41
比当,6
第一份,19
想买,19
想买块,19
机械,19
发言权,15
只过,1
一门,1
小礼,6
送小礼,6
民企,42
交给,1
骗子,1
iPad,1
当不上,1
当成,4
美的,10
屁颠,20
育良,1
厚道,1
名额,1
言语,8
全套,1
算器,2
计算器,2
白考,6
dnaxbg388,1
quyrrw681,1
第一件,8
经手,5
轮岗,2
酝酿,8
一刀,8
刀切,8
一刀切,8
LZ,1
更新,1
签了,1
停考,12
路子,12
准信,12
志大才疏,3
雄才,3
雄才大略,3
同义,3
同义词,3
瞧不起,25
回购,1
几盒,17
茶叶,17
打款,8
利于,14
有利于,14
延续,6
热情,12
不减,12
分不清,4
轻重,4
缓急,4
轻重缓急,4
惨剧,19
本文,4
信誉,16
有木有,3
咸阳,8
冒用,8
冒充,8
已成,8
教育局,8
中国科协,6
纳税人,4
多钱,4
再出,1
有房,13
有车,13
自由,13
揭牌,8
恢复,22
危害,11
woaishizi,1
编有,6
大明,5
姜大明,5
接班,5
接班人,5
生气,12
公选,1
网在,1
首都,1
首都机场,1
网签,8
提拔干部,10
林业,37
林业局,24
公安大学,10
行贿,7
档位,7
文稿,12
经理人,23
委任,3
委任制,3
坐地,52
坐地铁,52
建工,3
春季,3
校园,3
市经,5
交通部,17
互信,3
陈华,3
统计局,33
国家统计局,11
肇庆,5
调查队,5
参赞,10
某处,16
王晓涛,8
署长,8
民航,17
市教委,1
北京市教委,1
刚到,4
lossess,1
混上,1
混上去,1
原创,31
阿里,10
p8,10
逢年过节,3
还用,8
祝贺,15
禁考,10
门道,10
有门道,10
仿佛,6
神,26
推理,16
逻辑推理,15
路局,15
铁路局,15
铁,15
无业,1
左宁,2
尼玛,1
逗,1
公安局长,25
说了算,25
区党,4
交通厅,4
接上,4
业大,7
裸辞,5
撤乡,1
镇,23
体制改革,24
跳票,5
坑人,11
工作部,1
讲下,5
备战,13
司法考试,41
刑法,13
码农太累,14
层面,15
房未建,4
参公要,16
猜测,3
罪人,3
得罪人,3
献一策,5
现代科技,5
银保会,1
中国地震局,15
不像,4
下设,4
宇军,8
蒙蔽,5
吊不吊,6
仪式,11
未到,1
悼词,1
先行,1
议题,1
不理,1
旧账,1
有违,1
契约,1
贪污,5
判,5
死刑,5
非常少,5
地位,21
草,1
试试,1
诗,7
远方,1
昨晚,5
梦见,4
老姜,2
复出,2
委员长,15
贺,3
形势,3
家央企,1
一窗,1
当日,1
工作日,1
工作日内,1
办结,1
要害,3
要害部门,3
局人,88
没定,88
秒杀,27
杨传堂,2
说个,6
改去,8
部开,3
论好,1
开头,1
重要性,1
受不了,8
真受不了,8
咬文嚼字,8
中央台,4
搞个,4
总台,7
瘦身,4
健身,4
中共中央,75
跨部门,10
横向,10
真的假,10
编了,7
法宝,3
川普是,7
某人,20
边防,14
消防,14
很快,3
果汁,2
果汁机,2
申局,2
哪办,2
综合执法,5
因素,7
结交,14
到哪去,3
待续,5
未完待续,5
市县,5
设立,34
合署,5
写诗,3
罚款,1
上不起,1
一体,3
97,9
辩证,1
证法,1
辩证法,1
室主任,8
省内,8
偏远,8
组织部长,8
总理,49
军委,2
中央军,2
中央军委,2
两高,3
简,2
女友,4
前女友,4
被查,4
党群,37
宣传部门,4
核实,7
菜,1
不肯,5
批下来,1
剥离,8
瞎,37
便宜,32
买贵,32
zb,32
色,3
部委局,6
摘牌,3
神奇,19
退稿,1
下笔,1
传承,11
红色,11
基因,11
强军,11
重任,11
党性,3
共产党员,7
兼具,6
杨晓渡,6
主掌,6
反腐,10
谴责,1
惩罚,1
记者,1
罗斯,20
俄罗斯,20
34.72%,10
选民,10
选出,14
总统,10
和部,7
赞扬,1
吼吼,1
难民,1
办案,6
案件,4
审理,4
就国,11
管局,11
当今,6
寰球,6
手腕,6
朝日,6
大将,6
肖刚,3
位子,3
易纲,1
中学毕业,1
校友,2
济学,8
经济学,8
提名,16
委的,1
闭,1
眼睛,1
岐山,1
王岐山,1
再战,1
江湖,4
315,2
攻击,2
看点,7
主监,5
民主监督,5
戴,8
志,8
好学,8
好好学,8
好好学习,8
知产,28
大发,28
参公变,28
掌权,6
党的领导,5
措施,1
具体措施,1
委是,2
委能,2
绕过,2
省管,2
英雄,10
分流,67
面试官,11
人工,14
智能,14
人工智能,11
取代,11
银行业,11
服务业,14
天天向上,1
换人,12
监察院,5
一委,1
人民法院,27
清理,10
公用,10
办公用房,10
超标,10
不动,15
雷打不动,13
抽,12
观,7
拘留,29
行政拘留,29
封建,9
封建时代,9
发小,2
爸爸,2
上天,4
泰山,1
崩于,1
前而色,1
必,1
成大,1
大器,1
成大器,1
优化,8
等部,6
日本,5
产业,5
产业省,5
2970,6
重新组建,56
国家知识产权局,55
聚纵,1
激动,1
语文,15
初中语文,2
朕,1
没写,1
尴尬,10
效仿,8
之言,1
一家之言,1
拍砖,1
改完,22
我省,14
真知,5
灼见,5
真知灼见,5
彷徨,5
海淀法院,12
文化部,12
财务司,12
豆腐渣,16
豆腐渣工程,16
蔡霞,4
李嘉诚,4
副委员长,6
真情,1
实意,1
真情实意,1
地问,1
挖坑,1
国科,4
私募,4
生日,1
过生日,1
TM,1
确实,67
下岗职工,1
广东省,4
拟招,4
10929,4
时间表,5
事关,5
人事关系,5
侨务,4
侨务办公室,4
侨办,13
国侨办,7
广播,8
艺术团,6
借鉴,22
再见,3
农垦,3
盼来,21
合进,21
月底,13
九月底,13
熊熊,3
笑话,3
入水,8
收入水平,8
海归,33
大海,5
拆分,13
挑肥拣瘦,3
只出,12
不进,12
工青妇,8
老干局,8
重复,8
大坑,4
气象,2
气象局,2
K,6
保留,28
年国,10
考真题,10
鼻屎,3
早报,3
此轮,3
操盘,3
操盘手,3
鹤,3
丁,3
人物,4
加不上,2
着急,2
干着急,2
瘦弱,20
地段,20
貌,1
实际收入,52
没何,5
合作社,5
tm,5
哪有,5
防汛,11
抗旱,11
工程建设,11
地灾,11
防治,11
市管,2
转到,2
提取,2
退部,8
下场,3
学过,4
逻辑学,4
人满为患,42
国中,4
中国中央政府,4
分权,4
毕井泉,25
局局长,25
总局局长,25
点评,36
最终,30
撑死,10
饿死,10
并存,10
吉林省,2
解题,1
包装,1
设计,43
美工,1
草原,13
衙门,10
清水衙门,5
摸,2
闻出,55
新闻出版,55
广电总局,41
幼儿,21
幼儿园,21
初步,21
初步设计,21
施工图,21
中标,21
y,7
民局,7
路数,7
震撼,26
施政,1
本轮,5
眼花,1
缭乱,1
眼花缭乱,1
承,3
平日,3
久,3
危险,3
电影,14
拿走,3
主体,3
功能,8
功能区,3
储备,6
安家,4
安家费,4
广播电视,2
打破,3
原有,3
利益,18
格局,3
税制,4
分税制,4
能源部,3
生育,23
从人,5
社划,5
收费,5
童鞋,28
瓶装,9
旧酒,9
前天,9
计划生育,9
放开,9
节奏,9
我服,5
这回,5
秒,5
删,5
作,2
政协主席,14
赢家,7
低效,34
效率,83
低效率,34
耗着,34
高效率,34
征管,1
头一回,3
同步,7
表现,12
傻,25
物资,5
降格,8
热闹,2
p,2
民有,2
党口,13
详细,56
农村部,1
检验,8
检疫,8
骨干,1
削弱,25
外专局,7
强化,7
拆,12
九张,9
图看,9
王勇,1
描述,5
详细描述,1
国家林业局,11
这篇,1
社论,1
影射,1
最该,34
宗教,7
民族宗教,7
主意,2
刘贺出,2
裁撤,9
划出,5
最惨,4
小打小闹,2
出炉,29
党中央,10
帮问,7
工勤,7
诸多,3
亮相,3
城市规划,2
拿掉,2
渔业,7
渔业局,7
物资局,4
通道,2
食药,7
不妙,1
天上,8
上午,9
今天上午,8
揭晓,8
裁过,8
银保,1
农机,1
进化,6
透明,5
市政协,1
北京市政协,1
悟空,4
悟,2
地球,5
CZ,15
香港,55
联办,26
啊啊啊,6
发声,15
刑侦,50
专,10
感兴,15
感兴趣,15
全职,4
讲师,6
想破,11
脑袋,11
没想,11
出好,11
重,1
重构,10
性,5
专技岗,1
古书,1
现代文,1
不忍卒读,1
改名,16
损失,1
小川,14
周小川,14
双峰,14
观察,14
一段时间,14
及感,1
有幸,7
自贸区,1
高峰期,2
课堂,3
出不去,3
供销,12
107,1
颇,10
两天,2
还开,2
56,2
摘,6
桃子,6
69,4
100%,5
64,1
版税,7
27,1
想进,4
119,2
过度,15
细节,15
106,2
58,3
日程,23
日程表,10
减,30
完税,30
特权,16
贫困户,3
账号,3
能手,3
智能手机,3
定下,14
46,3
光头,13
序列,13
整光,13
44,2
规划司,3
一处,7
事物,11
分得,2
房产税,2
央,41
西部,34
移送,5
北京市区,3
受伤,5
电信,3
弄,9
自来,9
自来水,9
分设,20
财权,10
来龙去脉,10
by2,7
空想,13
港澳台,3
没去,5
说好,3
后备,5
村干部,3
中土,1
富强,1
平等,1
政务信息,7
共用,7
刹海,1
什刹海,1
体校,1
财政政策,2
质检,1
板上钉钉,10
现象,8
开好,8
家教,8
避讳,8
会裁,20
拥有,2
暂时,2
爱惜,24
懂得,12
weather30,1
美协,3
书协,3
咋整,3
人儿,1
一眼,1
难过,13
再也,6
镇能,10
管得,10
退出,20
舞台,20
历史舞台,20
运作,26
sandykk,2
suxinghe1978,1
LOD,1
wusanguibaby,4
smsq1225,1
xz0516,1
乡党,13
乡党委,13
春天,9
xxx,17
句式,17
智障,17
提醒,49
去京,45
联络,5
联络员,5
经信,3
帖子,3
上岗,25
竞争上岗,25
残酷,25
乡政府,9
冲击,6
领导岗位,4
减少,4
30%,4
吵吵,5
1998,15
年少,15
后果,11
教育学,13
牛顿,4
引力,4
万有引力,4
牙慧,4
拾人牙慧,4
长三,31
三角,31
长三角,31
10w,31
总共,3
26w,3
动机,5
ID,20
全民,20
公投,20
纪念,13
恩来,13
周恩来,13
诞辰,13
保密工作,31
金融监管,2
重组,2
徐州,132
女硕士,89
二名,11
第二名,11
口才,13
口才好,7
静下,2
静下心来,2
初衷,2
职责所在,2
一遭,78
第一遭,78
拒录,78
起诉,78
徐州人,78
败诉,78
行且,2
珍惜,2
大悦,18
嚼蜡,11
味同嚼蜡,11
安心,11
学位证,21
三中,55
全会,61
三中全会,55
国务院发展研究中心,7
参事,7
参事室,7
定额,2
喜爱,9
公式,9
数学公式,9
赚点,5
饭钱,5
投,5
诗歌,5
刊物,5
邮箱,5
整顿,1
领赏,1
文风,18
沙特,4
十五,1
正月十五,1
开学,1
外镇,6
能动,5
能动性,5
本来,24
环球,6
球网,3
环球网,3
时报,3
环球时报,3
定居,3
建个,2
群算,2
团伙,2
国库,5
项城,3
挡,3
财路,3
红旗,6
座,6
驾,6
借版上,7
人气,7
当事,1
当事人,1
重温,6
雍正,6
王朝,6
策略,15
55K,13
菜篮,13
篮子,13
菜篮子,13
撤县,6
建区,6
实质,6
实质性,6
麽,6
杨某,14
仅仅,14
降级,14
害怕,5
一成,5
一成不变,5
1975,6
张晓强,6
心脏,3
人工心脏,3
诞生,3
哇塞,1
类似,1
新加坡,15
强权,3
体谅,8
球迷,8
苦衷,8
反贪,4
反贪局,4
大国,5
后事,2
来来,12
来来来,6
做题,6
企领,19
乱说,7
乱说话,7
水木,7
限期,7
北京地区,36
金庸,1
真假,4
不知真假,4
人仕图,1
检察长,2
不动考,2
宪法,7
第八,7
八十,7
十七,7
第八十,7
八十七,7
第八十七,7
条改,7
日起,14
九点,3
踏踏,6
实实,6
踏踏实实,6
诸公,6
日哭夜,6
董卓,6
呼,6
特快,5
倒计,39
计时,39
倒计时,39
会改,1
雷声,2
大雨,2
雷声大,2
雷声大雨,2
本位,39
官本位,39
韩国,33
jin2panda,5
水北,2
南水北调,2
三峡,2
内年,1
周知,1
特朗普,2
神经,2
神经病,2
战胜,2
最新消息,1
高大,5
演变,5
演变成,5
事务性,5
打杂,8
美帝,1
两回,2
两回事,2
老爸,50
省部级,57
白富,50
美,50
围棋,8
围棋队,8
队员,8
根,3
动能,3
转换,3
承认,4
幸亏,11
东面,11
画,11
大饼,11
忽悠,11
做成,8
苟局,8
丢人,8
印象,74
考行测,1
三横,1
干线,1
铁路干线,1
考部,2
胎动,6
呼声,6
胆不大,2
心不细,2
脸皮,3
不厚,2
子政,3
电子政务,3
piscesgill,2
号称,6
村子,6
铁腕,6
治疆治藏,6
终极,7
swimerfish,1
13,1
中央办公厅,18
哈佛,2
胆大,1
心细,1
胆大心细,1
皮厚,1
脸皮厚,1
组队,3
坐标,1
动工,2
劳动工资,2
交通费,8
闲来,7
无事,7
闲来无事,7
一圈,7
短道,1
速滑,1
裁判,1
也许,1
瞎搞,12
冯小刚,4
早年,4
一地,4
鸡毛,8
周转,17
办是,4
好题,20
这题,20
很考,20
密切联系,2
站,2
这字,2
婚宴,6
摆,6
几桌,6
认命,4
春节,6
徒,1
婚恋,12
吃亏,12
干得,1
想起,1
小学同学,1
百条,6
几百条,6
拜年,9
不硬,1
未满,7
feiyiyi,1
Miaowu2333,1
jianke02,1
LIUXINMIAO,1
轴,29
这人,4
领导者,14
胜出,14
首歌,1
看清,1
seabiscuit08,1
linuxyin,1
tiwa,1
正经,13
I,1
angry,1
不顺,1
沮丧,1
单独,8
常州,1
海事,1
海事局,1
Leoleolau,1
本科生,1
猿,1
完爆,1
cctv13,1
对康辉,1
没错,5
上官,5
官僚,5
官僚作风,5
颤抖,42
显露,3
露头,3
头角,3
露头角,3
显露头角,3
明知,1
聊斋,1
奇女,1
奇女子,1
讲得,1
爱情故事,1
有变,3
毕业证书,9
遗失,9
秋实,2
波澜,1
皆空,1
报信,13
举报信,13
三人处,58
待见,58
郑大一,1
附院,1
发改,10
所在单位,4
大姑,1
八,1
大姨,1
头衔,1
震惊,1
站队,6
湖北,16
酒,3
买来,3
十瓶,3
茅,3
失恋,1
想像,1
殊不知,1
二中,6
二中全会,6
迷津,14
指点迷津,14
138,23
19,3
已升,3
哭穷,13
救命,1
稻草,1
救命稻草,1
23,2
国土资源部,8
高院,1
最高院,1
七年,6
登记表,4
连续,4
不批,1
能破,1
柯基犬,1
现如今,1
回家,1
模范,1
丰台,2
台区,2
丰台区,2
还招,2
戏剧,2
影视,2
没判,1
所见,1
云散,1
烟消云散,1
哀哉,1
呜呼哀哉,1
理工,1
工科,1
理工科,1
水浒,3
54,10
京华,1
北京华,1
普,1
大厦,1
外村,1
村任,1
困扰,1
在家,1
养人,5
讲解,1
京东,1
耳科,2
我能,2
排上,2
队,2
没发,2
开心,2
应对,6
气候,6
气候变化,6
金融司,47
经信委,15
烂烂,5
破破烂烂,5
一看,5
好失,5
乱改,2
发愁,2
欠费,2
营业厅,2
解锁,2
号码,2
退下,1
退下来,1
五十,1
五十多,1
人口,5
市直机关,32
苦恼,1
那么回事,1
会合,2
外行,10
旅游委,10
入面,5
哥们儿,10
背,10
考得少,37
总分,4
复试,4
颐指气使,4
令箭,4
PK,3
省会市,3
管理员,2
有进,10
费劲,13
劲儿,13
费劲儿,13
省人大,2
九三,9
三学,9
学社,9
九三学社,9
主委,9
偿还,26
放水,7
没能,7
不容,2
好不容易,2
神话,1
太穷,23
P2P,3
理财,3
中学老师,10
辅导班,1
汪涵,19
湖南省,19
参公是,1
神马,1
自欺,1
自欺欺人,1
凑合,1
搭伙,1
过日子,1
零下,3
温度,3
零下温度,3
户外,3
洗车,3
92,1
苏南,3
三线,3
重返,3
职场,3
因私,13
澳门,13
76,1
攻略,1
作答,1
远,3
区政,3
区政府,3
c,18
女码,18
马文瑞,2
写手,1
总成,12
总成绩,12
96,12
长得,1
太帅,1
难考,4
舆情,1
监测,1
招兵,1
买马,1
招兵买马,1
汉族,2
地市级,1
128,1
民革中央,11
过线,3
烦,1
唾骂,1
鞭挞,4
678,2
深广,10
缩减,1
政协委员,1
竞聘,6
唐良智,2
要放,51
长远,51
我报,7
575,7
标题,2
放在,2
第一行,2
结尾,2
二行,2
第二行,2
开端,2
杜,6
和平,6
如实,11
表了,11
自作,19
自作聪明,19
大有人在,19
翻倍,4
富,7
狄青,2
股级,2
国统,36
办文,1
指南,1
读史,3
逃跑,4
体彩,4
评,7
称职,7
惊奇,2
谭成旭,2
大学毕业,2
转自,2
西祠,2
zx,20
珠席,20
权利,20
彭金辉,2
创业,2
团队,2
75.2,3
47,3
122.2,3
段,7
蛮有意思,7
生命,5
按揭,2
啥事,1
